{}

{"pm:confirm:BEAR:COINBASE:BTCUSD-5m-1770900300000-1770900300469-BEAR-CONF": {"first_seen": 1770900302.7077172, "payload": {"first_seen": 1770900302.7077148, "request_id": "86c50d5d"}}, "pm:confirm:BEAR:COINBASE:BTCUSD-5m-1770900300000-1770900300436-BEAR-CONF": {"first_seen": 1770900302.7887683, "payload": {"first_seen": 1770900302.7887661, "request_id": "c554b582"}}}