{"pm:confirm:BULL:COINBASE:BTCUSD-5m-1770900000000-1770900000377-BULL-CONF": {"first_seen": 1770900002.0655456, "payload": {"first_seen": 1770900002.0655437, "request_id": "42fac805"}}, "pm:confirm:BULL:COINBASE:BTCUSD-5m-1770900000000-1770900000340-BULL-CONF": {"first_seen": 1770900002.172634, "payload": {"first_seen": 1770900002.1726322, "request_id": "7d2bb088"}}}